state,area,pop
California,423960,38.332521
Texas,695662,26.448193
New York,141297,19.651127
Florida,170312,19.55286
Illinois,149995,12.882135
